e37e28b,path0171,7 minutes ago,Updated report and fixed spelling errors
52bf59b,path0171,2 hours ago,Added author section on pages and formatted on prettier
5905b50,path0171,2 hours ago,Update Website Implementation Report.md
ecf6caf,path0171,Fixed minor errors
c300f9d,path0171,Merge branch 'main' of https://github.com/path0171/Monday-9.30-THZS
04f7a4c,path0171,2 hours ago,Added Zac page annotations and linked other annotations
fe132d3,Saaim0013,2 hours ago,added description
4da19f9,path0171,3 hours ago,Updated Style Guide
e54e344,path0171,4 hours ago,Added Reflection
200de3a,HirunaR05,6 hours ago,annotated screenshots and descriptions done
b13547e,HirunaR05,7 hours ago,removing the diagram part
b7601ce,path0171,9 hours ago,Style Guide
1c2f0b3,path0171,Merge branch 'main' of https://github.com/path0171/Monday-9.30-THZS
5b7f63e,path0171,9 hours ago,deleted temp PHP
4ce9186,Saaim0013,9 hours ago,Merge branch 'main' of https://github.com/path0171/Monday-9.30-THZS
c554ec8,Saaim0013,9 hours ago,added profile page screenshot
64f01de,path0171,9 hours ago,Merge branch 'main' of https://github.com/path0171/Monday-9.30-THZS
f06a824,path0171,Fixed Pet Not Found Error
ec40353,Saaim0013,9 hours ago,Merge branch 'main' of https://github.com/path0171/Monday-9.30-THZS
5129484,Saaim0013,9 hours ago,added screenshot for adoption page
19f8d22,path0171,9 hours ago,Added PHP scripts and removed unused files
c6f91ab,HirunaR05,24 hours ago,back end implementation details
9d06780,HirunaR05,25 hours ago,Update Website Implementation Report.md
235e5e7,HirunaR05,31 hours ago,nothing changed
85d6312,path0171,2 days ago,Added Json database for pet selected
0ca0f91,HirunaR05,2 days ago,Pet selected page
5f5b284,Saaim0013,2 days ago,added my part for backend impl
b6ac36a,Saaim0013,4 days ago,added reflection
605a849,path0171,4 days ago,Implementation Report Structure
0304b7c,Saaim0013,10 days ago,changed profiel pic
f11a1a2,Saaim0013,10 days ago,Merge branch 'main' of https://github.com/path0171/Monday-9.30-THZS
6d2b7f5,path0171,10 days ago,Updated version numbers
3291909,path0171,10 days ago,Added author attribution to files
0c9a209,path0171,10 days ago,Fixed margin error
a5a268b,path0171,10 days ago,Browser Page Done
3b80dbf,path0171,10 days ago,Made it so name and email update based on sign up
a2df679,path0171,10 days ago,added sign out
2f4e67c,path0171,10 days ago,Fixed header JS
0afa11f,path0171,10 days ago,Fixed file path
1a6b1ed,path0171,10 days ago,Applied prettier files and added js for about_us
8ca8dc6,path0171,10 days ago,Updated log-in
2aad1a4,HirunaR05,11 days ago,Update .DS_Store
b26d665,HirunaR05,11 days ago,edited my photo
2a20f6d,HirunaR05,11 days ago,signup page
75c64cb,path0171,11 days ago,About us page
7b4e7ea,path0171,11 days ago,Updated header so doesnt blend with page
718f3a8,path0171,11 days ago,Updated colours
0e4fd73,Saaim0013,11 days ago,changed profile page
a53e717,path0171,12 days ago,Updated application form page
1946b87,path0171,12 days ago,Revised Header for smooth use
6893a19,Saaim0013,12 days ago,made some changes to adoption page
266cfff,Saaim0013,12 days ago,-
f1fe010,Saaim0013,12 days ago,color changed
32a4b18,HirunaR05,12 days ago,Update global.css
292e969,path0171,12 days ago,Updated logo to remove weird lines
f378b3b,path0171,12 days ago,Fixed footer merge errors
27df683,path0171,12 days ago,Fixed changes
e727d18,path0171,12 days ago,Merge branch 'main' of https://github.com/path0171/Monday-9.30-THZS
5298cda,path0171,12 days ago,Updated footer
f416b24,HirunaR05,12 days ago,edited the footer
a0478fa,HirunaR05,12 days ago,Merge branch 'main' of https://github.com/path0171/Monday-9.30-THZS
67653ce,HirunaR05,12 days ago,edited the homepage and footer
754c6df,path0171,12 days ago,Fixed title/logo in header for each page
912ad6f,path0171,12 days ago,Coded Contact Page
1d84b51,Saaim0013,13 days ago,added cs and js
d597a33,Saaim0013,13 days ago,changed html a bit
221b756,path0171,13 days ago,format
793e972,HirunaR05,13 days ago,edits to homepage
9d2fa90,HirunaR05,13 days ago,Update global.css
f19eb31,path0171,2 weeks ago,Added new image
fce672b,path0171,2 weeks ago,Removed CSS from JS
50bb1fd,path0171,2 weeks ago,Added JS files
e75862b,path0171,2 weeks ago,Removed Pages
7adf002,Saaim0013,2 weeks ago,Adoptions edit
15d96cb,path0171,2 weeks ago,Image anchor
4ab61e0,path0171,2 weeks ago,Changed file name
018f405,HirunaR05,2 weeks ago,edited the header footer and nav bar
709a6b2,path0171,2 weeks ago,Added copyright free pet photos
5584b24,path0171,2 weeks ago,Updated Logo Names
d6f778a,HirunaR05,2 weeks ago,added more images
3d6498d,HirunaR05,2 weeks ago,added an image
9b395e4,path0171,2 weeks ago,Renamed A2, and added logo image
d1c08ac,path0171,2 weeks ago,Updated filenames and path's
0c3d78a,dimmoto865,3 weeks ago,Homepage
5ebac24,dimmoto865,3 weeks ago,locations design
4f968be,HirunaR05,3 weeks ago,A BIT OF changes
3854826,dimmoto865,3 weeks ago,pages
b2c97cd,dimmoto865,3 weeks ago,umm
306edae,dimmoto865,3 weeks ago,what have i done bruh
7f0be3e,dimmoto865,3 weeks ago,Create Generic page
fc1c647,dimmoto865,3 weeks ago,Location search and filter
ac6b8bd,dimmoto865,3 weeks ago,Loctaions and styles and stuff
16aa1b9,dimmoto865,3 weeks ago,Started
e4b9982,path0171,6 weeks ago,Fixed Path Formatting
025ec7c,path0171,6 weeks ago,Changed Folder Structure to Match Criteria
7aed10f,path0171,Added Saaim User Flow
8319390,Saaim0013,6 weeks ago,Create User flow diagram.png
8685c08,path0171,Update Markdown Report.md
21b449d,path0171,6 weeks ago,Added Storyboard + GOMS + KLM + Wireframes to Report
8a53afc,path0171,6 weeks ago,Added wireframes + reorganisation
46ddde9,dimmoto865,6 weeks ago,Merge branch 'main' of https://github.com/path0171/Monday-9.30-THZS
8bff68a,dimmoto865,6 weeks ago,Toby
c6958eb,path0171,6 weeks ago,Further completion of markdown
a926b23,path0171,6 weeks ago,Update Markdown Report.md
dad2a37,path0171,6 weeks ago,Merge branch 'main' of https://github.com/path0171/Monday-9.30-THZS
04bb002,path0171,6 weeks ago,Added Persona's to report
febaa5c,HirunaR05,6 weeks ago,Merge branch 'main' of https://github.com/path0171/Monday-9.30-THZS
b404778,HirunaR05,6 weeks ago,Adding the author name and ID
595b675,dimmoto865,6 weeks ago,Delete ~$MS and KLM report Hiruna.docx
51d2afa,path0171,6 weeks ago,Image test in markdown
2ac0509,path0171,6 weeks ago,Updated Markdown Report
71da97c,dimmoto865,6 weeks ago,Create ~$MS and KLM report Hiruna.docx
3332817,path0171,6 weeks ago,Added PACT and website concepts to report
fdae60b,Saaim0013,6 weeks ago,Update Markdown Report.md
13b0fe8,Saaim0013,6 weeks ago,Update Markdown Report.md
5bcd541,Saaim0013,6 weeks ago,Create Markdown Report.md
848b3bf,dimmoto865,6 weeks ago,Update Markdown Report.md
d6c81a7,dimmoto865,6 weeks ago,umm
a7c01f2,dimmoto865,6 weeks ago,Create a1.md
8888e7e,Saaim0013,6 weeks ago,Merge branch 'main' of https://github.com/path0171/Monday-9.30-THZS
3db8860,path0171,6 weeks ago,Removed Space
4211b85,path0171,6 weeks ago,Fixed space error
0445913,path0171,6 weeks ago,Changed name to avoid conflict
f7b7d0f,path0171,6 weeks ago,- Changed names to avoid conflict
36299a0,Saaim0013,6 weeks ago,Create GOMS-KLM Analysis (Saaim-saai0013).pdf
cfd0dda,Saaim0013,6 weeks ago,Update Target audience profile.md
33c07ee,path0171,6 weeks ago,Added sitemap
537428f,path0171,6 weeks ago,Wrote Scope Statement
0cfc49d,HirunaR05,6 weeks ago,Website Concept
dafc6fc,HirunaR05,6 weeks ago,Individual Tasks
dd6f6c6,path0171,6 weeks ago,Added GOMS/KLM and renamed files with FAN
fd2ad95,Saaim0013,6 weeks ago,Merge branch 'main' of https://github.com/path0171/Monday-9.30-THZS
1fe8946,Saaim0013,6 weeks ago,Update Target audience profile.md
29f47d3,HirunaR05,6 weeks ago,Merge branch 'main' of https://github.com/path0171/Monday-9.30-THZS
ce3d1f8,HirunaR05,6 weeks ago,Update .DS_Store
fe2f2a1,path0171,6 weeks ago,User Flow and Digital Storyboard
48bbcc2,path0171,6 weeks ago,Added Digital Wireframes
a897b34,path0171,6 weeks ago,Organised Documents
e7f7ba4,HirunaR05,8 weeks ago,Update .DS_Store
ba5a986,path0171,8 weeks ago,Fixed path for Hiruna
9597c5d,path0171,Merge branch 'main' of https://github.com/path0171/Monday-9.30-THZS
1d91aea,path0171,8 weeks ago,Saaim's persona + wireframe + storyboard
a99593c,HirunaR05,8 weeks ago,Hiruna - Individual Tasks
e36456f,dimmoto865,8 weeks ago,LOL
3f7541f,dimmoto865,8 weeks ago,Toby
5287c08,path0171,8 weeks ago,Added wireframes, pact analysis and storyboard
1603f06,path0171,8 weeks ago,Add Zac's Wireframes
23d620f,dimmoto865,9 weeks ago,Create Testing how we put stuff in here.txt%                          